data/hydrants/90_1 (63).jpg;1;
data/hydrants/61_1 (454).jpg;1;
data/hydrants/42_1 (463).jpg;1;
data/hydrants/13_1 (94).jpg;1;
data/hydrants/94_1 (218).jpg;1;
data/hydrants/85_1 (257).jpg;1;
data/hydrants/26_1 (61).jpg;1;
data/hydrants/27_1 (258).jpg;1;
data/hydrants/67_1 (258).jpg;1;
data/hydrants/88_1 (338).jpg;1;
data/hydrants/89_1 (219).jpg;1;
data/hydrants/810_1 (317).jpg;1;
data/hydrants/711_1 (336).jpg;1;
data/hydrants/812_1 (91).jpg;1;
data/hydrants/314_1 (459).jpg;1;
data/hydrants/715_1 (84).jpg;1;
data/hydrants/216_1 (427).jpg;1;
data/hydrants/117_1 (273).jpg;1;
data/hydrants/719_1 (342).jpg;1;
data/hydrants/620_1 (256).jpg;1;
data/hydrants/621_1 (226).jpg;1;
data/hydrants/722_1 (372).jpg;1;
data/hydrants/923_1 (430).jpg;1;
data/hydrants/224_1 (408).jpg;1;
data/hydrants/725_1 (144).jpg;1;
data/hydrants/726_1 (410).jpg;1;
data/hydrants/827_1 (512).jpg;1;
data/hydrants/428_1 (519).jpg;1;
data/hydrants/829_1 (322).jpg;1;
data/hydrants/630_1 (274).jpg;1;
data/hydrants/631_1 (200).jpg;1;
data/hydrants/632_1 (207).jpg;1;
data/hydrants/834_1 (355).jpg;1;
data/hydrants/835_1 (126).jpg;1;
data/hydrants/636_1 (437).jpg;1;
data/hydrants/737_1 (68).jpg;1;
data/hydrants/338_1 (439).jpg;1;
data/hydrants/839_1 (90).jpg;1;
data/hydrants/240_1 (145).jpg;1;
data/hydrants/440_1 (145).jpg;1;
data/hydrants/540_1 (145).jpg;1;
data/hydrants/840_1 (145).jpg;1;
data/hydrants/642_1 (377).jpg;1;
data/hydrants/645_1 (124).jpg;1;
data/hydrants/847_1 (265).jpg;1;
data/hydrants/947_1 (265).jpg;1;
data/hydrants/748_1 (266).jpg;1;
data/hydrants/849_1 (296).jpg;1;
data/hydrants/950_1 (129).jpg;1;
data/hydrants/651_1 (95).jpg;1;
data/hydrants/952_1 (81).jpg;1;
data/hydrants/954_1 (472).jpg;1;
data/hydrants/155_1 (88).jpg;1;
data/hydrants/955_1 (88).jpg;1;
data/hydrants/256_1 (186).jpg;1;
data/hydrants/257_1 (92).jpg;1;
data/hydrants/958_1 (57).jpg;1;
data/hydrants/159_1 (449).jpg;1;
data/hydrants/960_1 (72).jpg;1;
data/hydrants/861_1 (107).jpg;1;
data/hydrants/962_1 (418).jpg;1;
data/hydrants/963_1 (233).jpg;1;
data/hydrants/664_1 (292).jpg;1;
data/hydrants/165_1 (346).jpg;1;
data/hydrants/366_1 (362).jpg;1;
data/hydrants/666_1 (362).jpg;1;
data/hydrants/967_1 (326).jpg;1;
data/hydrants/968_1 (333).jpg;1;
data/hydrants/169_1 (50).jpg;1;
data/hydrants/469_1 (50).jpg;1;
data/hydrants/970_1 (438).jpg;1;
data/hydrants/371_1 (341).jpg;1;
data/hydrants/272_1 (476).jpg;1;
data/hydrants/773_1 (522).jpg;1;
data/hydrants/975_1 (350).jpg;1;
data/hydrants/677_1 (487).jpg;1;
data/hydrants/978_1 (409).jpg;1;
data/hydrants/179_1 (327).jpg;1;
data/hydrants/279_1 (327).jpg;1;
data/hydrants/379_1 (327).jpg;1;
data/hydrants/681_1 (64).jpg;1;
data/hydrants/981_1 (64).jpg;1;
data/hydrants/782_1 (264).jpg;1;
data/hydrants/683_1 (148).jpg;1;
data/hydrants/983_1 (148).jpg;1;
data/hydrants/984_1 (69).jpg;1;
data/hydrants/385_1 (310).jpg;1;
data/hydrants/886_1 (404).jpg;1;
data/hydrants/287_1 (248).jpg;1;
data/hydrants/388_1 (286).jpg;1;
data/hydrants/389_1 (128).jpg;1;
data/hydrants/191_1 (385).jpg;1;
data/hydrants/892_1 (141).jpg;1;
data/hydrants/793_1 (312).jpg;1;
data/hydrants/394_1 (263).jpg;1;
data/hydrants/595_1 (383).jpg;1;
data/hydrants/697_1 (101).jpg;1;
data/hydrants/898_1 (520).jpg;1;
data/hydrants/399_1 (321).jpg;1;
data/hydrants/8100_1 (212).jpg;1;
data/hydrants/8101_1 (384).jpg;1;
data/hydrants/1102_1 (47).jpg;1;
data/hydrants/1103_1 (375).jpg;1;
data/hydrants/9104_1 (313).jpg;1;
data/hydrants/9105_1 (98).jpg;1;
data/hydrants/9106_1 (504).jpg;1;
data/hydrants/9108_1 (349).jpg;1;
data/hydrants/7109_1 (294).jpg;1;
data/hydrants/4110_1 (517).jpg;1;
data/hydrants/9111_1 (303).jpg;1;
data/hydrants/7112_1 (358).jpg;1;
data/hydrants/1113_1 (357).jpg;1;
data/hydrants/5113_1 (357).jpg;1;
data/hydrants/9114_1 (76).jpg;1;
data/hydrants/5115_1 (436).jpg;1;
data/hydrants/7116_1 (275).jpg;1;
data/hydrants/6117_1 (269).jpg;1;
data/hydrants/9118_1 (521).jpg;1;
data/hydrants/3119_1 (400).jpg;1;
data/hydrants/6119_1 (400).jpg;1;
data/hydrants/1121_1 (324).jpg;1;
data/hydrants/7122_1 (405).jpg;1;
data/hydrants/9123_1 (254).jpg;1;
data/hydrants/9124_1 (262).jpg;1;
data/hydrants/8125_1 (301).jpg;1;
data/hydrants/7126_1 (211).jpg;1;
data/hydrants/1127_1 (58).jpg;1;
data/hydrants/4128_1 (479).jpg;1;
data/hydrants/7128_1 (479).jpg;1;
data/hydrants/9129_1 (482).jpg;1;
data/hydrants/9130_1 (284).jpg;1;
data/hydrants/4131_1 (473).jpg;1;
data/hydrants/9132_1 (458).jpg;1;
data/hydrants/8133_1 (217).jpg;1;
data/hydrants/7135_1 (340).jpg;1;
data/hydrants/1136_1 (230).jpg;1;
data/hydrants/5136_1 (230).jpg;1;
data/hydrants/9137_1 (179).jpg;1;
data/hydrants/6138_1 (364).jpg;1;
data/hydrants/6139_1 (135).jpg;1;
data/hydrants/4140_1 (232).jpg;1;
data/hydrants/1141_1 (271).jpg;1;
data/hydrants/9141_1 (271).jpg;1;
data/hydrants/3142_1 (411).jpg;1;
data/hydrants/5143_1 (166).jpg;1;
data/hydrants/2145_1 (425).jpg;1;
data/hydrants/9146_1 (354).jpg;1;
data/hydrants/8147_1 (44).jpg;1;
data/hydrants/8148_1 (146).jpg;1;
data/hydrants/4151_1 (282).jpg;1;
data/hydrants/7152_1 (140).jpg;1;
data/hydrants/2153_1 (220).jpg;1;
data/hydrants/6154_1 (399).jpg;1;
data/hydrants/7155_1 (137).jpg;1;
data/hydrants/7157_1 (134).jpg;1;
data/hydrants/4158_1 (433).jpg;1;
data/hydrants/8159_1 (334).jpg;1;
data/hydrants/2160_1 (365).jpg;1;
data/hydrants/7161_1 (169).jpg;1;
data/hydrants/5162_1 (1).jpg;1;
data/hydrants/5165_1 (466).jpg;1;
data/hydrants/8165_1 (466).jpg;1;
data/hydrants/5167_1 (416).jpg;1;
data/hydrants/7169_1 (428).jpg;1;
data/hydrants/5171_1 (444).jpg;1;
data/hydrants/4172_1 (168).jpg;1;
data/hydrants/5172_1 (168).jpg;1;
data/hydrants/8172_1 (168).jpg;1;
data/hydrants/6173_1 (297).jpg;1;
data/hydrants/9173_1 (297).jpg;1;
data/hydrants/7174_1 (159).jpg;1;
data/hydrants/1175_1 (127).jpg;1;
data/hydrants/8175_1 (127).jpg;1;
data/hydrants/2176_1 (337).jpg;1;
data/hydrants/2177_1 (291).jpg;1;
data/hydrants/6178_1 (260).jpg;1;
data/hydrants/7179_1 (493).jpg;1;
data/hydrants/6180_1 (172).jpg;1;
data/hydrants/4181_1 (73).jpg;1;
data/hydrants/6182_1 (422).jpg;1;
data/hydrants/5183_1 (82).jpg;1;
data/hydrants/4184_1 (48).jpg;1;
data/hydrants/9184_1 (48).jpg;1;
data/hydrants/6185_1 (117).jpg;1;
data/hydrants/6186_1 (173).jpg;1;
data/hydrants/5187_1 (247).jpg;1;
data/hydrants/7188_1 (165).jpg;1;
data/hydrants/8190_1 (250).jpg;1;
data/hydrants/2191_1 (311).jpg;1;
data/hydrants/2193_1 (448).jpg;1;
data/hydrants/4194_1 (477).jpg;1;
data/hydrants/1195_1 (505).jpg;1;
data/hydrants/8196_1 (391).jpg;1;
data/hydrants/9198_1 (464).jpg;1;
data/hydrants/5199_1 (503).jpg;1;
data/hydrants/7199_1 (503).jpg;1;
data/hydrants/7200_1 (70).jpg;1;
data/hydrants/9201_1 (455).jpg;1;
data/hydrants/3202_1 (305).jpg;1;
data/hydrants/2203_1 (193).jpg;1;
data/hydrants/4206_1 (516).jpg;1;
data/hydrants/9207_1 (499).jpg;1;
data/hydrants/6209_1 (318).jpg;1;
data/hydrants/7209_1 (318).jpg;1;
data/hydrants/9210_1 (120).jpg;1;
data/hydrants/4211_1 (352).jpg;1;
data/hydrants/7211_1 (352).jpg;1;
data/hydrants/8212_1 (136).jpg;1;
data/hydrants/3213_1 (366).jpg;1;
data/hydrants/5214_1 (461).jpg;1;
data/hydrants/8215_1 (281).jpg;1;
data/hydrants/3216_1 (363).jpg;1;
data/hydrants/9217_1 (131).jpg;1;
data/hydrants/1218_1 (143).jpg;1;
data/hydrants/4219_1 (328).jpg;1;
data/hydrants/7220_1 (378).jpg;1;
data/hydrants/8221_1 (132).jpg;1;
data/hydrants/7222_1 (157).jpg;1;
data/hydrants/2223_1 (191).jpg;1;
data/hydrants/2224_1 (201).jpg;1;
data/hydrants/5225_1 (194).jpg;1;
data/hydrants/3226_1 (115).jpg;1;
data/hydrants/6227_1 (323).jpg;1;
data/hydrants/8228_1 (401).jpg;1;
data/hydrants/2229_1 (502).jpg;1;
data/hydrants/1233_1 (164).jpg;1;
data/hydrants/2234_1 (213).jpg;1;
data/hydrants/8235_1 (469).jpg;1;
data/hydrants/5236_1 (67).jpg;1;
data/hydrants/8237_1 (123).jpg;1;
data/hydrants/7238_1 (243).jpg;1;
data/hydrants/4239_1 (119).jpg;1;
data/hydrants/1240_1 (356).jpg;1;
data/hydrants/2240_1 (356).jpg;1;
data/hydrants/8242_1 (348).jpg;1;
data/hydrants/5243_1 (394).jpg;1;
data/hydrants/2244_1 (210).jpg;1;
data/hydrants/5245_1 (160).jpg;1;
data/hydrants/9248_1 (302).jpg;1;
data/hydrants/9250_1 (480).jpg;1;
data/hydrants/7251_1 (359).jpg;1;
data/hydrants/1252_1 (501).jpg;1;
data/hydrants/7253_1 (190).jpg;1;
data/hydrants/4256_1 (426).jpg;1;
data/hydrants/4258_1 (392).jpg;1;
data/hydrants/8259_1 (252).jpg;1;
data/hydrants/7260_1 (288).jpg;1;
data/hydrants/8261_1 (376).jpg;1;
data/hydrants/6262_1 (518).jpg;1;
data/hydrants/9263_1 (417).jpg;1;
data/hydrants/5265_1 (514).jpg;1;
data/hydrants/6266_1 (339).jpg;1;
data/hydrants/5267_1 (446).jpg;1;
data/hydrants/9268_1 (510).jpg;1;
data/hydrants/1271_1 (138).jpg;1;
data/hydrants/8272_1 (470).jpg;1;
data/hydrants/9273_1 (153).jpg;1;
data/hydrants/9275_1 (238).jpg;1;
data/hydrants/9276_1 (89).jpg;1;
data/hydrants/7278_1 (197).jpg;1;
data/hydrants/9279_1 (345).jpg;1;
data/hydrants/8280_1 (276).jpg;1;
data/hydrants/6282_1 (112).jpg;1;
data/hydrants/8282_1 (112).jpg;1;
data/hydrants/3283_1 (221).jpg;1;
data/hydrants/6283_1 (221).jpg;1;
data/hydrants/5284_1 (85).jpg;1;
data/hydrants/1285_1 (329).jpg;1;
data/hydrants/8286_1 (300).jpg;1;
data/hydrants/2287_1 (239).jpg;1;
data/hydrants/3288_1 (457).jpg;1;
data/hydrants/8289_1 (431).jpg;1;
data/hydrants/2290_1 (451).jpg;1;
data/hydrants/6291_1 (396).jpg;1;
data/hydrants/9292_1 (490).jpg;1;
data/hydrants/2293_1 (195).jpg;1;
data/hydrants/8294_1 (163).jpg;1;
data/hydrants/8295_1 (272).jpg;1;
data/hydrants/3296_1 (109).jpg;1;
data/hydrants/8298_1 (45).jpg;1;
data/hydrants/8299_1 (113).jpg;1;
data/hydrants/8300_1 (79).jpg;1;
data/hydrants/7301_1 (202).jpg;1;
data/hydrants/1302_1 (251).jpg;1;
data/hydrants/6302_1 (251).jpg;1;
data/hydrants/9302_1 (251).jpg;1;
data/hydrants/9303_1 (390).jpg;1;
data/hydrants/4304_1 (133).jpg;1;
data/hydrants/1305_1 (369).jpg;1;
data/hydrants/9306_1 (152).jpg;1;
data/hydrants/7307_1 (227).jpg;1;
data/hydrants/9308_1 (442).jpg;1;
data/hydrants/2309_1 (370).jpg;1;
data/hydrants/5309_1 (370).jpg;1;
data/hydrants/9309_1 (370).jpg;1;
data/hydrants/9312_1 (429).jpg;1;
data/hydrants/7313_1 (222).jpg;1;
data/hydrants/1314_1 (216).jpg;1;
data/hydrants/8315_1 (184).jpg;1;
data/hydrants/3317_1 (500).jpg;1;
data/hydrants/9318_1 (415).jpg;1;
data/hydrants/7321_1 (506).jpg;1;
data/hydrants/4322_1 (122).jpg;1;
data/hydrants/8324_1 (175).jpg;1;
data/hydrants/7325_1 (125).jpg;1;
data/hydrants/7326_1 (368).jpg;1;
data/hydrants/9327_1 (253).jpg;1;
data/hydrants/8328_1 (513).jpg;1;
data/hydrants/9329_1 (270).jpg;1;
data/hydrants/7330_1 (452).jpg;1;
data/hydrants/8332_1 (361).jpg;1;
data/hydrants/8333_1 (171).jpg;1;
data/hydrants/7334_1 (440).jpg;1;
data/hydrants/9335_1 (66).jpg;1;
data/hydrants/6336_1 (206).jpg;1;
data/hydrants/4337_1 (74).jpg;1;
data/hydrants/5337_1 (74).jpg;1;
data/hydrants/9337_1 (74).jpg;1;
data/hydrants/4338_1 (255).jpg;1;
data/hydrants/8339_1 (419).jpg;1;
data/hydrants/8341_1 (177).jpg;1;
data/hydrants/7342_1 (450).jpg;1;
data/hydrants/8343_1 (130).jpg;1;
data/hydrants/8344_1 (161).jpg;1;
data/hydrants/6345_1 (93).jpg;1;
data/hydrants/7346_1 (162).jpg;1;
data/hydrants/2347_1 (249).jpg;1;
data/hydrants/2348_1 (75).jpg;1;
data/hydrants/6349_1 (295).jpg;1;
data/hydrants/1350_1 (242).jpg;1;
data/hydrants/1351_1 (111).jpg;1;
data/hydrants/2352_1 (309).jpg;1;
data/hydrants/2354_1 (335).jpg;1;
data/hydrants/5355_1 (465).jpg;1;
data/hydrants/3356_1 (178).jpg;1;
data/hydrants/7357_1 (474).jpg;1;
data/hydrants/3358_1 (360).jpg;1;
data/hydrants/6359_1 (199).jpg;1;
data/hydrants/7360_1 (54).jpg;1;
data/hydrants/7361_1 (497).jpg;1;
data/hydrants/1362_1 (491).jpg;1;
data/hydrants/7363_1 (371).jpg;1;
data/hydrants/9365_1 (209).jpg;1;
data/hydrants/4366_1 (379).jpg;1;
data/hydrants/3368_1 (387).jpg;1;
data/hydrants/2369_1 (414).jpg;1;
data/hydrants/7370_1 (308).jpg;1;
data/hydrants/6371_1 (149).jpg;1;
data/hydrants/7371_1 (149).jpg;1;
data/hydrants/6372_1 (380).jpg;1;
data/hydrants/1374_1 (205).jpg;1;
data/hydrants/9374_1 (205).jpg;1;
data/hydrants/9375_1 (316).jpg;1;
data/hydrants/8376_1 (150).jpg;1;
data/hydrants/9377_1 (413).jpg;1;
data/hydrants/5378_1 (188).jpg;1;
data/hydrants/8379_1 (106).jpg;1;
data/hydrants/3381_1 (237).jpg;1;
data/hydrants/6381_1 (237).jpg;1;
data/hydrants/9382_1 (180).jpg;1;
data/hydrants/9383_1 (103).jpg;1;
data/hydrants/9384_1 (114).jpg;1;
data/hydrants/7386_1 (83).jpg;1;
data/hydrants/1387_1 (196).jpg;1;
data/hydrants/6389_1 (108).jpg;1;
data/hydrants/9389_1 (108).jpg;1;
data/hydrants/6391_1 (508).jpg;1;
data/hydrants/9392_1 (228).jpg;1;
data/hydrants/9393_1 (65).jpg;1;
data/hydrants/4395_1 (307).jpg;1;
data/hydrants/9395_1 (307).jpg;1;
data/hydrants/1396_1 (332).jpg;1;
data/hydrants/8397_1 (59).jpg;1;
data/hydrants/9397_1 (59).jpg;1;
data/hydrants/4398_1 (381).jpg;1;
data/hydrants/7399_1 (241).jpg;1;
data/hydrants/4400_1 (96).jpg;1;
data/hydrants/8401_1 (174).jpg;1;
data/hydrants/7402_1 (443).jpg;1;
data/hydrants/8403_1 (304).jpg;1;
data/hydrants/1405_1 (78).jpg;1;
data/hydrants/3407_1 (314).jpg;1;
data/hydrants/6408_1 (382).jpg;1;
data/hydrants/6410_1 (343).jpg;1;
data/hydrants/8411_1 (185).jpg;1;
data/hydrants/8412_1 (421).jpg;1;
data/hydrants/7414_1 (56).jpg;1;
data/hydrants/6415_1 (189).jpg;1;
data/hydrants/7416_1 (234).jpg;1;
data/hydrants/1417_1 (176).jpg;1;
data/hydrants/9419_1 (453).jpg;1;
data/hydrants/3420_1 (55).jpg;1;
data/hydrants/6421_1 (386).jpg;1;
data/hydrants/7422_1 (351).jpg;1;
data/hydrants/7424_1 (507).jpg;1;
data/hydrants/6425_1 (246).jpg;1;
data/hydrants/4427_1 (170).jpg;1;
data/hydrants/7428_1 (267).jpg;1;
data/hydrants/8429_1 (277).jpg;1;
data/hydrants/2430_1 (158).jpg;1;
data/hydrants/6430_1 (158).jpg;1;
data/hydrants/4431_1 (283).jpg;1;
data/hydrants/8431_1 (283).jpg;1;
data/hydrants/6432_1 (290).jpg;1;
data/hydrants/6434_1 (347).jpg;1;
data/hydrants/9435_1 (71).jpg;1;
data/hydrants/8436_1 (99).jpg;1;
data/hydrants/5437_1 (485).jpg;1;
data/hydrants/9438_1 (49).jpg;1;
data/hydrants/7439_1 (154).jpg;1;
data/hydrants/5440_1 (395).jpg;1;
data/hydrants/9441_1 (494).jpg;1;
data/hydrants/5442_1 (403).jpg;1;
data/hydrants/5443_1 (320).jpg;1;
data/hydrants/5444_1 (424).jpg;1;
data/hydrants/7446_1 (397).jpg;1;
data/hydrants/8447_1 (215).jpg;1;
data/hydrants/2448_1 (208).jpg;1;
data/hydrants/9448_1 (208).jpg;1;
data/hydrants/5449_1 (423).jpg;1;
data/hydrants/4450_1 (225).jpg;1;
data/hydrants/7451_1 (498).jpg;1;
data/hydrants/2452_1 (468).jpg;1;
data/hydrants/9453_1 (388).jpg;1;
data/hydrants/4454_1 (406).jpg;1;
data/hydrants/7454_1 (406).jpg;1;
data/hydrants/3455_1 (298).jpg;1;
data/hydrants/8456_1 (46).jpg;1;
data/hydrants/2457_1 (204).jpg;1;
data/hydrants/5457_1 (204).jpg;1;
data/hydrants/7458_1 (460).jpg;1;
data/hydrants/5459_1 (475).jpg;1;
data/hydrants/1460_1 (299).jpg;1;
data/hydrants/1461_1 (374).jpg;1;
data/hydrants/4462_1 (393).jpg;1;
data/hydrants/6463_1 (198).jpg;1;
data/hydrants/8464_1 (432).jpg;1;
data/hydrants/9465_1 (142).jpg;1;
data/hydrants/6466_1 (183).jpg;1;
data/hydrants/7468_1 (467).jpg;1;
data/hydrants/4469_1 (285).jpg;1;
data/hydrants/2470_1 (77).jpg;1;
data/hydrants/8471_1 (105).jpg;1;
data/hydrants/5473_1 (278).jpg;1;
data/hydrants/7474_1 (407).jpg;1;
data/hydrants/5475_1 (229).jpg;1;
data/hydrants/3476_1 (495).jpg;1;
data/hydrants/8477_1 (244).jpg;1;
data/hydrants/2479_1 (486).jpg;1;
